상호,영업표지,대표자,업종,법인설립등기일,사업자등록일,대표번호,대표팩스 번호,등록번호,최초등록일,최종등록일,주소,사업자유형,법인등록번호,사업자등록번호,2020년 자산,2020년 부채,2020년 자본,2020년 매출액,2020년 영업이익,2020년 당기순이익,2019년 자산,2019년 부채,2019년 자본,2019년 매출액,2019년 영업이익,2019년 당기순이익,2018년 자산,2018년 부채,2018년 자본,2018년 매출액,2018년 영업이익,2018년 당기순이익,브랜드 수,가맹사업 계열사 수,가맹사업 개시일,2020년 신규개점,2020년 계약종료,2020년 계약해지,2020년 명의변경,2019년 신규개점,2019년 계약종료,2019년 계약해지,2019년 명의변경,2018년 신규개점,2018년 계약종료,2018년 계약해지,2018년 명의변경,"가맹지역본부(지사,지역총판)수",형태,예치 가맹금,공정거래위원회의 시정조치,민사소송 패소 및 민사상 화해,형의 선고,가입비(가맹비),교육비,보증금,기타비용,합계,단위면적(3.3㎡)당 인테리어 비용,기준점포면적(㎡),인테리어 비용,최초 계약기간,연장 계약기간
마에똥,마에똥,이진유,한식,..,2019.07.01,080  -  770  -  0011,00  -  0000  -  0000,20200871,2020.07.14,2021.04.05,우 : 38133 경상북도 경주시 한빛길10번길 51 1층,개인,  -  ,498  -  29  -  00678,0,0,0,"252,195",0,0,0,0,0,"143,711",0,0, , , , , , ,1,0,가맹계약 체결 사실 없음,0,0,0,0,0,0,0,0,0,0,0,0,0  개,예치제,"9,900",0,0,0,"7,700","2,200",0,"38,500","48,400","1,650 ",50 ,"24,750 ",2,2
상호,영업표지,대표자,업종,법인설립등기일,사업자등록일,대표번호,대표팩스 번호,등록번호,최초등록일,최종등록일,주소,사업자유형,법인등록번호,사업자등록번호,2020년 자산,2020년 부채,2020년 자본,2020년 매출액,2020년 영업이익,2020년 당기순이익,2019년 자산,2019년 부채,2019년 자본,2019년 매출액,2019년 영업이익,2019년 당기순이익,2018년 자산,2018년 부채,2018년 자본,2018년 매출액,2018년 영업이익,2018년 당기순이익,브랜드 수,가맹사업 계열사 수,가맹사업 개시일,2020년 신규개점,2020년 계약종료,2020년 계약해지,2020년 명의변경,2019년 신규개점,2019년 계약종료,2019년 계약해지,2019년 명의변경,2018년 신규개점,2018년 계약종료,2018년 계약해지,2018년 명의변경,"가맹지역본부(지사,지역총판)수",형태,예치 가맹금,공정거래위원회의 시정조치,민사소송 패소 및 민사상 화해,형의 선고,가입비(가맹비),교육비,보증금,기타비용,합계,단위면적(3.3㎡)당 인테리어 비용,기준점포면적(㎡),인테리어 비용,최초 계약기간,연장 계약기간
(주)금강브루어리,바이젠하우스,임성빈,기타 외식,2017.03.10,2017.07.01,042  -  1661  -  5869,042  -  367  -  4007,20160002,2016.01.05,2021.04.05,우 : 32531 충청남도 공주시 우성면 성곡길 125 127호,법인,161211  -  0038836,533  -  88  -  00658,"3,074,559","2,640,246","434,313","974,040","-369,573","-400,069","3,310,355","2,475,973","834,382","1,236,376","12,122","-10,238","3,193,563","2,348,943","844,620","2,462,749","271,029","155,901",1,0,2015  -  04  -  02,1,0,2,1,2,0,0,1,1,0,3,1,0  개,보험,"16,420",0,0,0,"11,220","2,200","3,000","99,000","115,420","1,650 ",99 ,"49,500 ",2,2
상호,영업표지,대표자,업종,법인설립등기일,사업자등록일,대표번호,대표팩스 번호,등록번호,최초등록일,최종등록일,주소,사업자유형,법인등록번호,사업자등록번호,2020년 자산,2020년 부채,2020년 자본,2020년 매출액,2020년 영업이익,2020년 당기순이익,2019년 자산,2019년 부채,2019년 자본,2019년 매출액,2019년 영업이익,2019년 당기순이익,2018년 자산,2018년 부채,2018년 자본,2018년 매출액,2018년 영업이익,2018년 당기순이익,브랜드 수,가맹사업 계열사 수,가맹사업 개시일,2020년 신규개점,2020년 계약종료,2020년 계약해지,2020년 명의변경,2019년 신규개점,2019년 계약종료,2019년 계약해지,2019년 명의변경,2018년 신규개점,2018년 계약종료,2018년 계약해지,2018년 명의변경,"가맹지역본부(지사,지역총판)수",형태,예치 가맹금,공정거래위원회의 시정조치,민사소송 패소 및 민사상 화해,형의 선고,가입비(가맹비),교육비,보증금,기타비용,합계,단위면적(3.3㎡)당 인테리어 비용,기준점포면적(㎡),인테리어 비용,최초 계약기간,연장 계약기간
(주)로희,오늘닭강정,강덕근,치킨,2014.05.19,2014.05.20,042  -  1599  -  1303,00  -  0000  -  0000,20201639,2020.12.02,2021.04.05,우 : 34068 대전광역시 유성구 반석로12번길 7 303호(반석동),법인,140111  -  0055390,221  -  81  -  46354,"286,839","41,909","244,930","405,649","-11,268","-10,019","271,300","16,349","254,951","3,848","-60,315","-56,314","316,211","4,946","311,265",0,"-49,392","-39,254",1,0,2020  -  12  -  28,1,0,0,0,0,0,0,0,0,0,0,0,0  개,보험,"5,500",0,0,0,"3,300","2,200",0,"24,200","29,700","1,100 ",33 ,"11,000 ",1,1
상호,영업표지,대표자,업종,법인설립등기일,사업자등록일,대표번호,대표팩스 번호,등록번호,최초등록일,최종등록일,주소,사업자유형,법인등록번호,사업자등록번호,2020년 자산,2020년 부채,2020년 자본,2020년 매출액,2020년 영업이익,2020년 당기순이익,2019년 자산,2019년 부채,2019년 자본,2019년 매출액,2019년 영업이익,2019년 당기순이익,2018년 자산,2018년 부채,2018년 자본,2018년 매출액,2018년 영업이익,2018년 당기순이익,브랜드 수,가맹사업 계열사 수,가맹사업 개시일,2020년 신규개점,2020년 계약종료,2020년 계약해지,2020년 명의변경,2019년 신규개점,2019년 계약종료,2019년 계약해지,2019년 명의변경,2018년 신규개점,2018년 계약종료,2018년 계약해지,2018년 명의변경,"가맹지역본부(지사,지역총판)수",형태,예치 가맹금,공정거래위원회의 시정조치,민사소송 패소 및 민사상 화해,형의 선고,가입비(가맹비),교육비,보증금,기타비용,합계,단위면적(3.3㎡)당 인테리어 비용,기준점포면적(㎡),인테리어 비용,최초 계약기간,연장 계약기간
똥집이야기,똥집이야기,김동기,한식,..,2017.12.12,052  -  265  -  9889,00  -  0000  -  0000,20201641,2020.12.02,2021.04.05,우 : 44678 울산광역시 남구 삼산로35번길 11 1층(신정동),개인,  -  ,890  -  23  -  00566,0,0,0,"268,819",0,0,0,0,0,"264,662",0,0,0,0,0,"271,717",0,0,1,0,가맹계약 체결 사실 없음,0,0,0,0,0,0,0,0,0,0,0,0,0  개,예치제,"13,000",0,0,0,"5,500","5,500","2,000","46,000","59,000","1,320 ",50 ,"19,800 ",2,1
상호,영업표지,대표자,업종,법인설립등기일,사업자등록일,대표번호,대표팩스 번호,등록번호,최초등록일,최종등록일,주소,사업자유형,법인등록번호,사업자등록번호,2020년 자산,2020년 부채,2020년 자본,2020년 매출액,2020년 영업이익,2020년 당기순이익,2019년 자산,2019년 부채,2019년 자본,2019년 매출액,2019년 영업이익,2019년 당기순이익,2018년 자산,2018년 부채,2018년 자본,2018년 매출액,2018년 영업이익,2018년 당기순이익,브랜드 수,가맹사업 계열사 수,가맹사업 개시일,2020년 신규개점,2020년 계약종료,2020년 계약해지,2020년 명의변경,2019년 신규개점,2019년 계약종료,2019년 계약해지,2019년 명의변경,2018년 신규개점,2018년 계약종료,2018년 계약해지,2018년 명의변경,"가맹지역본부(지사,지역총판)수",형태,예치 가맹금,공정거래위원회의 시정조치,민사소송 패소 및 민사상 화해,형의 선고,가입비(가맹비),교육비,보증금,기타비용,합계,단위면적(3.3㎡)당 인테리어 비용,기준점포면적(㎡),인테리어 비용,최초 계약기간,연장 계약기간
(주)재이에스푸드,재성밀면,하재성,한식,2020.12.24,2021.02.01,051  -  723  -  7273,  -    -  ,20210965,2021.04.05,2021.04.05,우 : 46057 부산광역시 기장군 기장읍 차성로 413 1층,법인,180111  -  1332608,537  -  81  -  02116, , , , , , , , , , , , , , , , , , ,1,0,2019  -  03  -  12,2,0,0,0,1,0,0,0,0,0,0,0,0  개,보험,"14,000",0,0,0,"5,500","5,500","3,000","75,350","89,350","1,650 ",99 ,"49,500 ",2,2
상호,영업표지,대표자,업종,법인설립등기일,사업자등록일,대표번호,대표팩스 번호,등록번호,최초등록일,최종등록일,주소,사업자유형,법인등록번호,사업자등록번호,2020년 자산,2020년 부채,2020년 자본,2020년 매출액,2020년 영업이익,2020년 당기순이익,2019년 자산,2019년 부채,2019년 자본,2019년 매출액,2019년 영업이익,2019년 당기순이익,2018년 자산,2018년 부채,2018년 자본,2018년 매출액,2018년 영업이익,2018년 당기순이익,브랜드 수,가맹사업 계열사 수,가맹사업 개시일,2020년 신규개점,2020년 계약종료,2020년 계약해지,2020년 명의변경,2019년 신규개점,2019년 계약종료,2019년 계약해지,2019년 명의변경,2018년 신규개점,2018년 계약종료,2018년 계약해지,2018년 명의변경,"가맹지역본부(지사,지역총판)수",형태,예치 가맹금,공정거래위원회의 시정조치,민사소송 패소 및 민사상 화해,형의 선고,가입비(가맹비),교육비,보증금,기타비용,합계,단위면적(3.3㎡)당 인테리어 비용,기준점포면적(㎡),인테리어 비용,최초 계약기간,연장 계약기간
(주)티아이컴퍼니(T.I.COMPANY),8선곱창전골,김태일,한식,2019.12.30,2020.01.01,051  -  747  -  1207,  -    -  ,20210966,2021.04.05,2021.04.05,"우 : 47325 부산광역시 부산진구 냉정로253번길 24 1층(가야동, 협동물산)",법인,180111  -  1259919,402  -  87  -  01598,0,0,0,"25,065",0,0, , , , , , , , , , , , ,1,0,2020  -  09  -  07,4,0,0,0,0,0,0,0,0,0,0,0,0  개,보험,"9,700",0,0,0,"5,500","2,200","2,000","46,200","55,900","2,200 ",33 ,"22,000 ",2,2
상호,영업표지,대표자,업종,법인설립등기일,사업자등록일,대표번호,대표팩스 번호,등록번호,최초등록일,최종등록일,주소,사업자유형,법인등록번호,사업자등록번호,2020년 자산,2020년 부채,2020년 자본,2020년 매출액,2020년 영업이익,2020년 당기순이익,2019년 자산,2019년 부채,2019년 자본,2019년 매출액,2019년 영업이익,2019년 당기순이익,2018년 자산,2018년 부채,2018년 자본,2018년 매출액,2018년 영업이익,2018년 당기순이익,브랜드 수,가맹사업 계열사 수,가맹사업 개시일,2020년 신규개점,2020년 계약종료,2020년 계약해지,2020년 명의변경,2019년 신규개점,2019년 계약종료,2019년 계약해지,2019년 명의변경,2018년 신규개점,2018년 계약종료,2018년 계약해지,2018년 명의변경,"가맹지역본부(지사,지역총판)수",형태,예치 가맹금,공정거래위원회의 시정조치,민사소송 패소 및 민사상 화해,형의 선고,가입비(가맹비),교육비,보증금,기타비용,합계,단위면적(3.3㎡)당 인테리어 비용,기준점포면적(㎡),인테리어 비용,최초 계약기간,연장 계약기간
집으로낙곱새,집으로낙곱새,김지나,한식,..,2019.04.04,055  -  338  -  2322,055  -  338  -  2322,20200521,2020.04.17,2021.04.05,우 : 50862 경상남도 김해시 진영읍 김해대로335번길 8-1 101호 정우빌,개인,  -  ,483  -  31  -  00698,0,0,0,"542,140",0,0,0,0,0,"87,610",0,0, , , , , , ,1,0,2020  -  02  -  26,13,0,0,1,0,0,0,0,0,0,0,0,0  개,예치제,"25,000",0,0,0,"16,500","5,500","3,000","30,283","55,283","1,210 ",33 ,"12,100 ",2,2
상호,영업표지,대표자,업종,법인설립등기일,사업자등록일,대표번호,대표팩스 번호,등록번호,최초등록일,최종등록일,주소,사업자유형,법인등록번호,사업자등록번호,2020년 자산,2020년 부채,2020년 자본,2020년 매출액,2020년 영업이익,2020년 당기순이익,2019년 자산,2019년 부채,2019년 자본,2019년 매출액,2019년 영업이익,2019년 당기순이익,2018년 자산,2018년 부채,2018년 자본,2018년 매출액,2018년 영업이익,2018년 당기순이익,브랜드 수,가맹사업 계열사 수,가맹사업 개시일,2020년 신규개점,2020년 계약종료,2020년 계약해지,2020년 명의변경,2019년 신규개점,2019년 계약종료,2019년 계약해지,2019년 명의변경,2018년 신규개점,2018년 계약종료,2018년 계약해지,2018년 명의변경,"가맹지역본부(지사,지역총판)수",형태,예치 가맹금,공정거래위원회의 시정조치,민사소송 패소 및 민사상 화해,형의 선고,가입비(가맹비),교육비,보증금,기타비용,합계,단위면적(3.3㎡)당 인테리어 비용,기준점포면적(㎡),인테리어 비용,최초 계약기간,연장 계약기간
(주)나르텍,와우소갈비,황정훈,한식,2014.02.28,2014.03.04,02  -  6239  -  3100,02  -  6239  -  3125,20210964,2021.04.05,2021.04.05,우 : 10931 경기도 파주시 시청로 149 1층,법인,110111  -  5353381,119  -  86  -  84574,0,0,0,0,0,0,"420,123","718,913","-298,790","40,653","-7,369","-19,077","413,173","692,886","-279,713","43,600","-20,629","-29,321",1,0,가맹사업 준비중,0,0,0,0,0,0,0,0,0,0,0,0,0  개,보험,"22,000",0,0,0,"16,500","5,500",0,"127,600","149,600","1,283 ",198 ,"77,000 ",2,1
상호,영업표지,대표자,업종,법인설립등기일,사업자등록일,대표번호,대표팩스 번호,등록번호,최초등록일,최종등록일,주소,사업자유형,법인등록번호,사업자등록번호,2020년 자산,2020년 부채,2020년 자본,2020년 매출액,2020년 영업이익,2020년 당기순이익,2019년 자산,2019년 부채,2019년 자본,2019년 매출액,2019년 영업이익,2019년 당기순이익,2018년 자산,2018년 부채,2018년 자본,2018년 매출액,2018년 영업이익,2018년 당기순이익,브랜드 수,가맹사업 계열사 수,가맹사업 개시일,2020년 신규개점,2020년 계약종료,2020년 계약해지,2020년 명의변경,2019년 신규개점,2019년 계약종료,2019년 계약해지,2019년 명의변경,2018년 신규개점,2018년 계약종료,2018년 계약해지,2018년 명의변경,"가맹지역본부(지사,지역총판)수",형태,예치 가맹금,공정거래위원회의 시정조치,민사소송 패소 및 민사상 화해,형의 선고,가입비(가맹비),교육비,보증금,기타비용,합계,단위면적(3.3㎡)당 인테리어 비용,기준점포면적(㎡),인테리어 비용,최초 계약기간,연장 계약기간
제이에스컴퍼니,도레미치킨,김성환,치킨,..,2019.11.20,00  -  1670  -  4310,031  -  573  -  0920,20191341,2019.12.10,2021.04.05,"우 : 12097 경기도 남양주시 별내3로 402 1동 6층 606호 (별내동, 블루오션빌내주건축물)",개인,  -  ,530  -  03  -  01549,0,0,0,"176,289",0,0,0,0,0,0,0,0, , , , , , ,2,0,가맹계약 체결사실 없음,0,0,0,0,0,0,0,0,0,0,0,0,0  개,예치제,"8,600",0,0,0,"3,300","3,300","2,000","16,500","25,100","1,100 ",50 ,"16,500 ",2,1
상호,영업표지,대표자,업종,법인설립등기일,사업자등록일,대표번호,대표팩스 번호,등록번호,최초등록일,최종등록일,주소,사업자유형,법인등록번호,사업자등록번호,2020년 자산,2020년 부채,2020년 자본,2020년 매출액,2020년 영업이익,2020년 당기순이익,2019년 자산,2019년 부채,2019년 자본,2019년 매출액,2019년 영업이익,2019년 당기순이익,2018년 자산,2018년 부채,2018년 자본,2018년 매출액,2018년 영업이익,2018년 당기순이익,브랜드 수,가맹사업 계열사 수,가맹사업 개시일,2020년 신규개점,2020년 계약종료,2020년 계약해지,2020년 명의변경,2019년 신규개점,2019년 계약종료,2019년 계약해지,2019년 명의변경,2018년 신규개점,2018년 계약종료,2018년 계약해지,2018년 명의변경,"가맹지역본부(지사,지역총판)수",형태,예치 가맹금,공정거래위원회의 시정조치,민사소송 패소 및 민사상 화해,형의 선고,가입비(가맹비),교육비,보증금,기타비용,합계,단위면적(3.3㎡)당 인테리어 비용,기준점포면적(㎡),인테리어 비용,최초 계약기간,연장 계약기간
(주)에스에이치리테일,슈퍼사이즈커피,박성현,커피,2006.02.27,2006.03.06,051  -  1544  -  8340,051  -  636  -  1001,20140913,2014.09.30,2021.04.05,우 : 48742 부산광역시 동구 자성로133번길 10 (범일동),법인,180111  -  0547472,605  -  81  -  76454,"683,633","844,866","-161,233","1,302,143","-141,445","-121,444","1,315,191","1,354,979","-39,788","3,047,551","-73,882","11,263","1,395,463","1,446,514","-51,051","3,682,565","88,128","157,467",1,0,2014  -  10  -  08,1,0,3,1,0,0,1,0,1,1,5,1,0  개,예치제,"10,800",0,0,0,"5,500","3,300","2,000","35,610","46,410","1,980 ",20 ,"11,880 ",2,1
상호,영업표지,대표자,업종,법인설립등기일,사업자등록일,대표번호,대표팩스 번호,등록번호,최초등록일,최종등록일,주소,사업자유형,법인등록번호,사업자등록번호,2020년 자산,2020년 부채,2020년 자본,2020년 매출액,2020년 영업이익,2020년 당기순이익,2019년 자산,2019년 부채,2019년 자본,2019년 매출액,2019년 영업이익,2019년 당기순이익,2018년 자산,2018년 부채,2018년 자본,2018년 매출액,2018년 영업이익,2018년 당기순이익,브랜드 수,가맹사업 계열사 수,가맹사업 개시일,2020년 신규개점,2020년 계약종료,2020년 계약해지,2020년 명의변경,2019년 신규개점,2019년 계약종료,2019년 계약해지,2019년 명의변경,2018년 신규개점,2018년 계약종료,2018년 계약해지,2018년 명의변경,"가맹지역본부(지사,지역총판)수",형태,예치 가맹금,공정거래위원회의 시정조치,민사소송 패소 및 민사상 화해,형의 선고,가입비(가맹비),교육비,보증금,기타비용,합계,단위면적(3.3㎡)당 인테리어 비용,기준점포면적(㎡),인테리어 비용,최초 계약기간,연장 계약기간
(주)비바리즈,제주울어멍해장국,고혜지,한식,2020.12.09,2020.12.01,02  -  1577  -  6449,031  -  967  -  3377,20171083,..,2021.04.05,우 : 63062 제주특별자치도 제주시 애월읍 광령남4길 26 1층,법인,220111  -  0213496,656  -  81  -  01854,"30,974","11,574","19,400","10,050","9,400","9,400", , , , , , , , , , , , ,1,0,2017  -  08  -  20,0,2,1,0,1,0,0,0,9,0,0,3,0  개,예치제,0,0,0,0,"7,700","3,300","3,000","84,700","98,700","1,650 ",99 ,"49,500 ",2,1
상호,영업표지,대표자,업종,법인설립등기일,사업자등록일,대표번호,대표팩스 번호,등록번호,최초등록일,최종등록일,주소,사업자유형,법인등록번호,사업자등록번호,2020년 자산,2020년 부채,2020년 자본,2020년 매출액,2020년 영업이익,2020년 당기순이익,2019년 자산,2019년 부채,2019년 자본,2019년 매출액,2019년 영업이익,2019년 당기순이익,2018년 자산,2018년 부채,2018년 자본,2018년 매출액,2018년 영업이익,2018년 당기순이익,브랜드 수,가맹사업 계열사 수,가맹사업 개시일,2020년 신규개점,2020년 계약종료,2020년 계약해지,2020년 명의변경,2019년 신규개점,2019년 계약종료,2019년 계약해지,2019년 명의변경,2018년 신규개점,2018년 계약종료,2018년 계약해지,2018년 명의변경,"가맹지역본부(지사,지역총판)수",형태,예치 가맹금,공정거래위원회의 시정조치,민사소송 패소 및 민사상 화해,형의 선고,가입비(가맹비),교육비,보증금,기타비용,합계,단위면적(3.3㎡)당 인테리어 비용,기준점포면적(㎡),인테리어 비용,최초 계약기간,연장 계약기간
(주)아이푸드,얌이밀,정유미,기타 외식,2010.09.28,2010.09.28,031  -  982  -  2634,031  -  622  -  9774,20210963,2021.04.05,2021.04.05,우 : 10012 경기도 김포시 하성면 오정동로 177 1층,법인,285011  -  0183793,128  -  86  -  53492, , , , , , ,"7,125,812","2,773,668","4,352,144","10,607,217","3,126,605","2,580,522","4,602,124","3,531,369","1,070,755","5,895,815","1,091,524","273,248",1,0,가맹계약 체결 사실이 없습니다.,0,0,0,0,0,0,0,0,0,0,0,0,0  개,예치제,"11,800",0,0,0,"5,500","3,300","3,000","55,000","66,800","2,200 ",50 ,"33,000 ",2,1
상호,영업표지,대표자,업종,법인설립등기일,사업자등록일,대표번호,대표팩스 번호,등록번호,최초등록일,최종등록일,주소,사업자유형,법인등록번호,사업자등록번호,2020년 자산,2020년 부채,2020년 자본,2020년 매출액,2020년 영업이익,2020년 당기순이익,2019년 자산,2019년 부채,2019년 자본,2019년 매출액,2019년 영업이익,2019년 당기순이익,2018년 자산,2018년 부채,2018년 자본,2018년 매출액,2018년 영업이익,2018년 당기순이익,브랜드 수,가맹사업 계열사 수,가맹사업 개시일,2020년 신규개점,2020년 계약종료,2020년 계약해지,2020년 명의변경,2019년 신규개점,2019년 계약종료,2019년 계약해지,2019년 명의변경,2018년 신규개점,2018년 계약종료,2018년 계약해지,2018년 명의변경,"가맹지역본부(지사,지역총판)수",형태,예치 가맹금,공정거래위원회의 시정조치,민사소송 패소 및 민사상 화해,형의 선고,가입비(가맹비),교육비,보증금,기타비용,합계,단위면적(3.3㎡)당 인테리어 비용,기준점포면적(㎡),인테리어 비용,최초 계약기간,연장 계약기간
(주)에이앤제이코퍼레이션,조슈아버거팩토리(Joshua Burger Factory),이원규,패스트푸드,2020.11.18,2020.12.01,02  -  798  -  8600,02  -  798  -  8602,20200487,2020.04.09,2021.04.05,"우 : 04382 서울특별시 용산구 한강대로48길 25 402호 (한강로2가, 리슈빌딩)",법인,110111  -  7687308,682  -  87  -  01985,0,0,0,0,0,0, , , , , , , , , , , , ,4,0,0,0,0,0,0,0,0,0,0,0,0,0,0,  개,예치제,"13,800",0,0,0,"5,500","3,300","3,300","72,400","84,500", ,0 , ,2,1
상호,영업표지,대표자,업종,법인설립등기일,사업자등록일,대표번호,대표팩스 번호,등록번호,최초등록일,최종등록일,주소,사업자유형,법인등록번호,사업자등록번호,2020년 자산,2020년 부채,2020년 자본,2020년 매출액,2020년 영업이익,2020년 당기순이익,2019년 자산,2019년 부채,2019년 자본,2019년 매출액,2019년 영업이익,2019년 당기순이익,2018년 자산,2018년 부채,2018년 자본,2018년 매출액,2018년 영업이익,2018년 당기순이익,브랜드 수,가맹사업 계열사 수,가맹사업 개시일,2020년 신규개점,2020년 계약종료,2020년 계약해지,2020년 명의변경,2019년 신규개점,2019년 계약종료,2019년 계약해지,2019년 명의변경,2018년 신규개점,2018년 계약종료,2018년 계약해지,2018년 명의변경,"가맹지역본부(지사,지역총판)수",형태,예치 가맹금,공정거래위원회의 시정조치,민사소송 패소 및 민사상 화해,형의 선고,가입비(가맹비),교육비,보증금,기타비용,합계,단위면적(3.3㎡)당 인테리어 비용,기준점포면적(㎡),인테리어 비용,최초 계약기간,연장 계약기간
(주)에이앤제이코퍼레이션,제퍼빈스(Zephyr Beans),이원규,커피,2020.11.18,2020.12.01,02  -  798  -  8600,02  -  798  -  8602,20110100389,2011.08.28,2021.04.05,"우 : 04382 서울특별시 용산구 한강대로48길 25 402호 (한강로2가, 리슈빌딩)",법인,110111  -  7687328,682  -  87  -  01985,0,0,0,0,0,0, , , , , , , , , , , , ,2,0,1957  -  07  -  16,0,0,0,0,0,0,0,0,0,0,0,0,0  개,예치제,"13,800",0,0,0,"5,500","3,300","3,300","56,100","68,200", ,0 , ,2,1
상호,영업표지,대표자,업종,법인설립등기일,사업자등록일,대표번호,대표팩스 번호,등록번호,최초등록일,최종등록일,주소,사업자유형,법인등록번호,사업자등록번호,2020년 자산,2020년 부채,2020년 자본,2020년 매출액,2020년 영업이익,2020년 당기순이익,2019년 자산,2019년 부채,2019년 자본,2019년 매출액,2019년 영업이익,2019년 당기순이익,2018년 자산,2018년 부채,2018년 자본,2018년 매출액,2018년 영업이익,2018년 당기순이익,브랜드 수,가맹사업 계열사 수,가맹사업 개시일,2020년 신규개점,2020년 계약종료,2020년 계약해지,2020년 명의변경,2019년 신규개점,2019년 계약종료,2019년 계약해지,2019년 명의변경,2018년 신규개점,2018년 계약종료,2018년 계약해지,2018년 명의변경,"가맹지역본부(지사,지역총판)수",형태,예치 가맹금,공정거래위원회의 시정조치,민사소송 패소 및 민사상 화해,형의 선고,가입비(가맹비),교육비,보증금,기타비용,합계,단위면적(3.3㎡)당 인테리어 비용,기준점포면적(㎡),인테리어 비용,최초 계약기간,연장 계약기간
(주)에이앤제이코퍼레이션,논노스(NONNOS),이원규,기타 외식,2020.11.18,2020.12.01,02  -  798  -  8600,02  -  798  -  8602,20200486,2020.04.09,2021.04.05,"우 : 04382 서울특별시 용산구 한강대로48길 25 402호 (한강로2가, 리슈빌딩)",법인,110111  -  7687308,682  -  87  -  01985,0,0,0,0,0,0, , , , , , , , , , , , ,2,0,0,0,0,0,0,0,0,0,0,0,0,0,0,0  개,예치제,"13,800",0,0,0,"5,500","3,300","3,300","13,090","25,190", ,0 , ,2,1
상호,영업표지,대표자,업종,법인설립등기일,사업자등록일,대표번호,대표팩스 번호,등록번호,최초등록일,최종등록일,주소,사업자유형,법인등록번호,사업자등록번호,2020년 자산,2020년 부채,2020년 자본,2020년 매출액,2020년 영업이익,2020년 당기순이익,2019년 자산,2019년 부채,2019년 자본,2019년 매출액,2019년 영업이익,2019년 당기순이익,2018년 자산,2018년 부채,2018년 자본,2018년 매출액,2018년 영업이익,2018년 당기순이익,브랜드 수,가맹사업 계열사 수,가맹사업 개시일,2020년 신규개점,2020년 계약종료,2020년 계약해지,2020년 명의변경,2019년 신규개점,2019년 계약종료,2019년 계약해지,2019년 명의변경,2018년 신규개점,2018년 계약종료,2018년 계약해지,2018년 명의변경,"가맹지역본부(지사,지역총판)수",형태,예치 가맹금,공정거래위원회의 시정조치,민사소송 패소 및 민사상 화해,형의 선고,가입비(가맹비),교육비,보증금,기타비용,합계,단위면적(3.3㎡)당 인테리어 비용,기준점포면적(㎡),인테리어 비용,최초 계약기간,연장 계약기간
(주)에이앤제이코퍼레이션,쇼부,이원규,기타 외식,2020.11.18,2020.12.01,02  -  798  -  8600,02  -  798  -  8602,20150422,2015.05.26,2021.04.05,우 : 04382 서울특별시 용산구 한강대로48길 25 402호,법인,110111  -  7687308,682  -  87  -  01985,0,0,0,0,0,0, , , , , , , , , , , , ,4,0,1957  -  07  -  16,0,0,0,0,0,0,0,0,0,0,0,0,0  개,예치제,"13,800",0,0,0,"5,500","3,300","3,300","76,450","88,550", ,0 , ,2,1
상호,영업표지,대표자,업종,법인설립등기일,사업자등록일,대표번호,대표팩스 번호,등록번호,최초등록일,최종등록일,주소,사업자유형,법인등록번호,사업자등록번호,2020년 자산,2020년 부채,2020년 자본,2020년 매출액,2020년 영업이익,2020년 당기순이익,2019년 자산,2019년 부채,2019년 자본,2019년 매출액,2019년 영업이익,2019년 당기순이익,2018년 자산,2018년 부채,2018년 자본,2018년 매출액,2018년 영업이익,2018년 당기순이익,브랜드 수,가맹사업 계열사 수,가맹사업 개시일,2020년 신규개점,2020년 계약종료,2020년 계약해지,2020년 명의변경,2019년 신규개점,2019년 계약종료,2019년 계약해지,2019년 명의변경,2018년 신규개점,2018년 계약종료,2018년 계약해지,2018년 명의변경,"가맹지역본부(지사,지역총판)수",형태,예치 가맹금,공정거래위원회의 시정조치,민사소송 패소 및 민사상 화해,형의 선고,가입비(가맹비),교육비,보증금,기타비용,합계,단위면적(3.3㎡)당 인테리어 비용,기준점포면적(㎡),인테리어 비용,최초 계약기간,연장 계약기간
(주)불로만,불로만치킨바베큐,김영경,치킨,1998.06.22,1998.04.25,032  -  863  -  3838,032  -  874  -  0817,20080200073,2008.07.29,2021.04.05,우 : 22117 인천광역시 남구 장고개로42번길 41 (도화동),법인,120111  -  0172081,131  -  81  -  46750,0,0,0,0,0,0,0,0,0,0,0,0,0,0,0,0,0,0,3,0,1958  -  02  -  01,0,0,0,0,0,0,0,0,0,0,0,0,  개,보험,"10,800",0,0,0,"5,500","3,300","3,300","56,750","68,850", ,0 , ,2,1
상호,영업표지,대표자,업종,법인설립등기일,사업자등록일,대표번호,대표팩스 번호,등록번호,최초등록일,최종등록일,주소,사업자유형,법인등록번호,사업자등록번호,2020년 자산,2020년 부채,2020년 자본,2020년 매출액,2020년 영업이익,2020년 당기순이익,2019년 자산,2019년 부채,2019년 자본,2019년 매출액,2019년 영업이익,2019년 당기순이익,2018년 자산,2018년 부채,2018년 자본,2018년 매출액,2018년 영업이익,2018년 당기순이익,브랜드 수,가맹사업 계열사 수,가맹사업 개시일,2020년 신규개점,2020년 계약종료,2020년 계약해지,2020년 명의변경,2019년 신규개점,2019년 계약종료,2019년 계약해지,2019년 명의변경,2018년 신규개점,2018년 계약종료,2018년 계약해지,2018년 명의변경,"가맹지역본부(지사,지역총판)수",형태,예치 가맹금,공정거래위원회의 시정조치,민사소송 패소 및 민사상 화해,형의 선고,가입비(가맹비),교육비,보증금,기타비용,합계,단위면적(3.3㎡)당 인테리어 비용,기준점포면적(㎡),인테리어 비용,최초 계약기간,연장 계약기간
(주)육대장,육대장,이진수,한식,2013.02.06,2013.01.25,070  -  1661  -  5135,02  -  334  -  4560,20120100694,2012.12.12,2021.04.05,우 : 21984 인천광역시 연수구 송도과학로 32 에스동 3202호 (송도테크노파크IT센터),법인,120111  -  0645872,121  -  86  -  23226,0,0,0,0,0,0,0,0,0,0,0,0,0,0,0,0,0,0,1,0,1971  -  07  -  25,0,0,0,0,0,0,0,0,0,0,0,0,  개,보험,"16,300",0,0,0,"11,000","3,300","3,300","175,780","193,380", ,0 , ,2,2
상호,영업표지,대표자,업종,법인설립등기일,사업자등록일,대표번호,대표팩스 번호,등록번호,최초등록일,최종등록일,주소,사업자유형,법인등록번호,사업자등록번호,2020년 자산,2020년 부채,2020년 자본,2020년 매출액,2020년 영업이익,2020년 당기순이익,2019년 자산,2019년 부채,2019년 자본,2019년 매출액,2019년 영업이익,2019년 당기순이익,2018년 자산,2018년 부채,2018년 자본,2018년 매출액,2018년 영업이익,2018년 당기순이익,브랜드 수,가맹사업 계열사 수,가맹사업 개시일,2020년 신규개점,2020년 계약종료,2020년 계약해지,2020년 명의변경,2019년 신규개점,2019년 계약종료,2019년 계약해지,2019년 명의변경,2018년 신규개점,2018년 계약종료,2018년 계약해지,2018년 명의변경,"가맹지역본부(지사,지역총판)수",형태,예치 가맹금,공정거래위원회의 시정조치,민사소송 패소 및 민사상 화해,형의 선고,가입비(가맹비),교육비,보증금,기타비용,합계,단위면적(3.3㎡)당 인테리어 비용,기준점포면적(㎡),인테리어 비용,최초 계약기간,연장 계약기간
(주)온센,온센,"박현숙, 김선영",일식,2019.07.18,2019.07.23,  -  1577  -  6546,032  -  772  -  9995,20200394,2020.03.18,2021.04.05,우 : 21998 인천광역시 연수구 하모니로 158 B동 1002호,법인,120111  -  1012517,361  -  87  -  01400,0,0,0,0,0,0,0,0,0,0,0,0,0,0,0,0,0,0,1,0,2018  -  11  -  07,0,0,0,0,0,0,0,0,0,0,0,0,  개,보험,"22,000",0,0,0,"16,500","5,500",0,"65,700","87,700", ,0 , ,2,1
상호,영업표지,대표자,업종,법인설립등기일,사업자등록일,대표번호,대표팩스 번호,등록번호,최초등록일,최종등록일,주소,사업자유형,법인등록번호,사업자등록번호,2020년 자산,2020년 부채,2020년 자본,2020년 매출액,2020년 영업이익,2020년 당기순이익,2019년 자산,2019년 부채,2019년 자본,2019년 매출액,2019년 영업이익,2019년 당기순이익,2018년 자산,2018년 부채,2018년 자본,2018년 매출액,2018년 영업이익,2018년 당기순이익,브랜드 수,가맹사업 계열사 수,가맹사업 개시일,2020년 신규개점,2020년 계약종료,2020년 계약해지,2020년 명의변경,2019년 신규개점,2019년 계약종료,2019년 계약해지,2019년 명의변경,2018년 신규개점,2018년 계약종료,2018년 계약해지,2018년 명의변경,"가맹지역본부(지사,지역총판)수",형태,예치 가맹금,공정거래위원회의 시정조치,민사소송 패소 및 민사상 화해,형의 선고,가입비(가맹비),교육비,보증금,기타비용,합계,단위면적(3.3㎡)당 인테리어 비용,기준점포면적(㎡),인테리어 비용,최초 계약기간,연장 계약기간
밥값계산하는남자들,마피아떡볶이,김유희,분식,..,2018.08.01,032  -  462  -  4004,032  -  563  -  4005,20181085,2018.10.26,2021.04.05,우 : 22736 인천광역시 서구 중봉대로612번길 10-20 5층 502호(청라동),개인,  -  ,265  -  51  -  00313,0,0,0,0,0,0,0,0,0,0,0,0,0,0,0,0,0,0,1,0,2017  -  04  -  25,0,0,0,0,0,0,0,0,0,0,0,0,  개,보험,"13,000",0,0,0,"5,500","5,500","2,000","39,050","52,050", ,0 , ,2,2
상호,영업표지,대표자,업종,법인설립등기일,사업자등록일,대표번호,대표팩스 번호,등록번호,최초등록일,최종등록일,주소,사업자유형,법인등록번호,사업자등록번호,2020년 자산,2020년 부채,2020년 자본,2020년 매출액,2020년 영업이익,2020년 당기순이익,2019년 자산,2019년 부채,2019년 자본,2019년 매출액,2019년 영업이익,2019년 당기순이익,2018년 자산,2018년 부채,2018년 자본,2018년 매출액,2018년 영업이익,2018년 당기순이익,브랜드 수,가맹사업 계열사 수,가맹사업 개시일,2020년 신규개점,2020년 계약종료,2020년 계약해지,2020년 명의변경,2019년 신규개점,2019년 계약종료,2019년 계약해지,2019년 명의변경,2018년 신규개점,2018년 계약종료,2018년 계약해지,2018년 명의변경,"가맹지역본부(지사,지역총판)수",형태,예치 가맹금,공정거래위원회의 시정조치,민사소송 패소 및 민사상 화해,형의 선고,가입비(가맹비),교육비,보증금,기타비용,합계,단위면적(3.3㎡)당 인테리어 비용,기준점포면적(㎡),인테리어 비용,최초 계약기간,연장 계약기간
블러프컴퍼니,윤이불닭발,이태윤,기타 외식,..,2020.08.07,070  -  7543  -  7232,  -    -  ,20201592,2020.11.25,2021.04.05,우 : 21344 인천광역시 부평구 길주로 623 101동 1604호,개인,  -  ,229  -  16  -  03119,0,0,0,0,0,0,0,0,0,0,0,0,0,0,0,0,0,0,1,0,2020  -  12  -  23,0,0,0,0,0,0,0,0,0,0,0,0,  개,보험,0,0,0,0,"3,300","3,300","5,000","39,600","51,200", ,0 , ,2,2
상호,영업표지,대표자,업종,법인설립등기일,사업자등록일,대표번호,대표팩스 번호,등록번호,최초등록일,최종등록일,주소,사업자유형,법인등록번호,사업자등록번호,2020년 자산,2020년 부채,2020년 자본,2020년 매출액,2020년 영업이익,2020년 당기순이익,2019년 자산,2019년 부채,2019년 자본,2019년 매출액,2019년 영업이익,2019년 당기순이익,2018년 자산,2018년 부채,2018년 자본,2018년 매출액,2018년 영업이익,2018년 당기순이익,브랜드 수,가맹사업 계열사 수,가맹사업 개시일,2020년 신규개점,2020년 계약종료,2020년 계약해지,2020년 명의변경,2019년 신규개점,2019년 계약종료,2019년 계약해지,2019년 명의변경,2018년 신규개점,2018년 계약종료,2018년 계약해지,2018년 명의변경,"가맹지역본부(지사,지역총판)수",형태,예치 가맹금,공정거래위원회의 시정조치,민사소송 패소 및 민사상 화해,형의 선고,가입비(가맹비),교육비,보증금,기타비용,합계,단위면적(3.3㎡)당 인테리어 비용,기준점포면적(㎡),인테리어 비용,최초 계약기간,연장 계약기간
약콩세가,약콩밀면,조상홍,한식,..,2020.09.09,051  -  661  -  1231,0  -  0  -  0,20201567,2020.11.20,2021.04.02,우 : 48517 부산광역시 남구 용호로42번길 14 102동 2215호,개인,  -  ,441  -  42  -  00633,0,0,0,0,0,0, , , , , , , , , , , , ,1,0,가맹계약 체결 사실이 없음,0,0,0,0,0,0,0,0,0,0,0,0,0  개,예치제,"10,800",0,0,0,"5,500","3,300","2,000","102,300","113,100","2,200 ",99 ,"66,000 ",2,2
상호,영업표지,대표자,업종,법인설립등기일,사업자등록일,대표번호,대표팩스 번호,등록번호,최초등록일,최종등록일,주소,사업자유형,법인등록번호,사업자등록번호,2020년 자산,2020년 부채,2020년 자본,2020년 매출액,2020년 영업이익,2020년 당기순이익,2019년 자산,2019년 부채,2019년 자본,2019년 매출액,2019년 영업이익,2019년 당기순이익,2018년 자산,2018년 부채,2018년 자본,2018년 매출액,2018년 영업이익,2018년 당기순이익,브랜드 수,가맹사업 계열사 수,가맹사업 개시일,2020년 신규개점,2020년 계약종료,2020년 계약해지,2020년 명의변경,2019년 신규개점,2019년 계약종료,2019년 계약해지,2019년 명의변경,2018년 신규개점,2018년 계약종료,2018년 계약해지,2018년 명의변경,"가맹지역본부(지사,지역총판)수",형태,예치 가맹금,공정거래위원회의 시정조치,민사소송 패소 및 민사상 화해,형의 선고,가입비(가맹비),교육비,보증금,기타비용,합계,단위면적(3.3㎡)당 인테리어 비용,기준점포면적(㎡),인테리어 비용,최초 계약기간,연장 계약기간
호두랑파이랑,호두랑파이랑,김현봉,제과제빵,..,2008.05.01,052  -  265  -  5945,00  -  0000  -  0000,20120300056,2012.08.21,2021.04.02,우 : 44725 울산광역시 남구 신정로20번길 15-6 302호,개인,  -  ,608  -  17  -  29094,0,0,0,"37,710",0,0,0,0,0,"56,862",0,0,0,0,0,"83,330",0,0,1,0,2008  -  07  -  30,0,0,0,0,0,2,0,0,0,1,1,1,0  개,예치제,"4,850",0,0,0,"3,300",550,"1,000","37,200","42,050","1,200 ",33 ,"12,000 ",3,3
상호,영업표지,대표자,업종,법인설립등기일,사업자등록일,대표번호,대표팩스 번호,등록번호,최초등록일,최종등록일,주소,사업자유형,법인등록번호,사업자등록번호,2020년 자산,2020년 부채,2020년 자본,2020년 매출액,2020년 영업이익,2020년 당기순이익,2019년 자산,2019년 부채,2019년 자본,2019년 매출액,2019년 영업이익,2019년 당기순이익,2018년 자산,2018년 부채,2018년 자본,2018년 매출액,2018년 영업이익,2018년 당기순이익,브랜드 수,가맹사업 계열사 수,가맹사업 개시일,2020년 신규개점,2020년 계약종료,2020년 계약해지,2020년 명의변경,2019년 신규개점,2019년 계약종료,2019년 계약해지,2019년 명의변경,2018년 신규개점,2018년 계약종료,2018년 계약해지,2018년 명의변경,"가맹지역본부(지사,지역총판)수",형태,예치 가맹금,공정거래위원회의 시정조치,민사소송 패소 및 민사상 화해,형의 선고,가입비(가맹비),교육비,보증금,기타비용,합계,단위면적(3.3㎡)당 인테리어 비용,기준점포면적(㎡),인테리어 비용,최초 계약기간,연장 계약기간
올리터카페앤디저트프랜차이즈,올리터,이승석,커피,..,2020.05.22,00  -  1566  -  1206,000  -  0000  -  0000,20201311,2020.10.06,2021.04.02,우 : 54963 전라북도 전주시 완산구 석산1길 18 1층 101호(효자동3가),개인,  -  ,653  -  08  -  01449,0,0,0,"4,718",0,0, , , , , , , , , , , , ,1,0,가맹계약 체결사실 없음,0,0,0,0,0,0,0,0,0,0,0,0,0  개,보험,"8,800",0,0,0,"5,500","3,300",0,"50,400","59,200","1,650 ",66 ,"33,000 ",1,1
상호,영업표지,대표자,업종,법인설립등기일,사업자등록일,대표번호,대표팩스 번호,등록번호,최초등록일,최종등록일,주소,사업자유형,법인등록번호,사업자등록번호,2020년 자산,2020년 부채,2020년 자본,2020년 매출액,2020년 영업이익,2020년 당기순이익,2019년 자산,2019년 부채,2019년 자본,2019년 매출액,2019년 영업이익,2019년 당기순이익,2018년 자산,2018년 부채,2018년 자본,2018년 매출액,2018년 영업이익,2018년 당기순이익,브랜드 수,가맹사업 계열사 수,가맹사업 개시일,2020년 신규개점,2020년 계약종료,2020년 계약해지,2020년 명의변경,2019년 신규개점,2019년 계약종료,2019년 계약해지,2019년 명의변경,2018년 신규개점,2018년 계약종료,2018년 계약해지,2018년 명의변경,"가맹지역본부(지사,지역총판)수",형태,예치 가맹금,공정거래위원회의 시정조치,민사소송 패소 및 민사상 화해,형의 선고,가입비(가맹비),교육비,보증금,기타비용,합계,단위면적(3.3㎡)당 인테리어 비용,기준점포면적(㎡),인테리어 비용,최초 계약기간,연장 계약기간
대족(대한민국최고족발)본점,대족,최옥경,한식,..,2020.12.10,02  -  985  -  2020,  -    -  ,20210093,2021.01.11,2021.04.02,"우 : 01197 서울특별시 강북구 삼양로27길 43 206호(미아동, 위브 테라스 파크)",개인,  -  ,752  -  31  -  01161,0,0,0,"3,576",0,0, , , , , , , , , , , , ,1,0,가맹사업 준비 중,0,0,0,0,0,0,0,0,0,0,0,0,0  개,예치제,"15,200",0,0,0,"11,000","2,200","2,000","51,704","66,904","2,200 ",50 ,"33,000 ",2,1
상호,영업표지,대표자,업종,법인설립등기일,사업자등록일,대표번호,대표팩스 번호,등록번호,최초등록일,최종등록일,주소,사업자유형,법인등록번호,사업자등록번호,2020년 자산,2020년 부채,2020년 자본,2020년 매출액,2020년 영업이익,2020년 당기순이익,2019년 자산,2019년 부채,2019년 자본,2019년 매출액,2019년 영업이익,2019년 당기순이익,2018년 자산,2018년 부채,2018년 자본,2018년 매출액,2018년 영업이익,2018년 당기순이익,브랜드 수,가맹사업 계열사 수,가맹사업 개시일,2020년 신규개점,2020년 계약종료,2020년 계약해지,2020년 명의변경,2019년 신규개점,2019년 계약종료,2019년 계약해지,2019년 명의변경,2018년 신규개점,2018년 계약종료,2018년 계약해지,2018년 명의변경,"가맹지역본부(지사,지역총판)수",형태,예치 가맹금,공정거래위원회의 시정조치,민사소송 패소 및 민사상 화해,형의 선고,가입비(가맹비),교육비,보증금,기타비용,합계,단위면적(3.3㎡)당 인테리어 비용,기준점포면적(㎡),인테리어 비용,최초 계약기간,연장 계약기간
삼초전,삼초전 삼겹살 초벌전문점,박종운,한식,..,2018.08.20,010  -  3540  -  1133,0000  -  0000  -  0000,20181128,2018.11.05,2021.04.02,우 : 49053 부산광역시 영도구 남항로41번길 29-1 1층(남향동1가),개인,  -  ,801  -  68  -  00193,0,0,0,"172,038",0,0,0,0,0,"47,554",0,0,0,0,0,"74,779",0,0,1,0,2018  -  07  -  13,10,3,0,1,7,0,0,0,4,0,0,0,0  개,예치제,"5,500",0,0,0,"2,200","3,300",0,"25,850","31,350",0 ,26 ,0 ,2,2
상호,영업표지,대표자,업종,법인설립등기일,사업자등록일,대표번호,대표팩스 번호,등록번호,최초등록일,최종등록일,주소,사업자유형,법인등록번호,사업자등록번호,2020년 자산,2020년 부채,2020년 자본,2020년 매출액,2020년 영업이익,2020년 당기순이익,2019년 자산,2019년 부채,2019년 자본,2019년 매출액,2019년 영업이익,2019년 당기순이익,2018년 자산,2018년 부채,2018년 자본,2018년 매출액,2018년 영업이익,2018년 당기순이익,브랜드 수,가맹사업 계열사 수,가맹사업 개시일,2020년 신규개점,2020년 계약종료,2020년 계약해지,2020년 명의변경,2019년 신규개점,2019년 계약종료,2019년 계약해지,2019년 명의변경,2018년 신규개점,2018년 계약종료,2018년 계약해지,2018년 명의변경,"가맹지역본부(지사,지역총판)수",형태,예치 가맹금,공정거래위원회의 시정조치,민사소송 패소 및 민사상 화해,형의 선고,가입비(가맹비),교육비,보증금,기타비용,합계,단위면적(3.3㎡)당 인테리어 비용,기준점포면적(㎡),인테리어 비용,최초 계약기간,연장 계약기간
약콩세가,오륙칼국수,조상홍,한식,..,2020.09.09,051  -  611  -  1231,0  -  0  -  0,20201422,2020.10.29,2021.04.02,우 : 48517 부산광역시 남구 용호로42번길 14 102동 2215호,개인,  -  ,441  -  42  -  00633,0,0,0,0,0,0, , , , , , , , , , , , ,0,0,0,0,0,0,0,0,0,0,0,0,0,0,0,0  개,예치제,"10,800",0,0,0,"5,500","3,300","2,000","102,300","113,100","2,200 ",99 ,"66,000 ",2,2
상호,영업표지,대표자,업종,법인설립등기일,사업자등록일,대표번호,대표팩스 번호,등록번호,최초등록일,최종등록일,주소,사업자유형,법인등록번호,사업자등록번호,2020년 자산,2020년 부채,2020년 자본,2020년 매출액,2020년 영업이익,2020년 당기순이익,2019년 자산,2019년 부채,2019년 자본,2019년 매출액,2019년 영업이익,2019년 당기순이익,2018년 자산,2018년 부채,2018년 자본,2018년 매출액,2018년 영업이익,2018년 당기순이익,브랜드 수,가맹사업 계열사 수,가맹사업 개시일,2020년 신규개점,2020년 계약종료,2020년 계약해지,2020년 명의변경,2019년 신규개점,2019년 계약종료,2019년 계약해지,2019년 명의변경,2018년 신규개점,2018년 계약종료,2018년 계약해지,2018년 명의변경,"가맹지역본부(지사,지역총판)수",형태,예치 가맹금,공정거래위원회의 시정조치,민사소송 패소 및 민사상 화해,형의 선고,가입비(가맹비),교육비,보증금,기타비용,합계,단위면적(3.3㎡)당 인테리어 비용,기준점포면적(㎡),인테리어 비용,최초 계약기간,연장 계약기간
할매손집밥,뼈대있는국밥,이준영,한식,..,2016.12.01,  -  1600  -  7407,0  -  0  -  0,20191053,2019.10.17,2021.04.02,우 : 61071 광주광역시 북구 양산택지로37번길 82 .,개인,  -  ,229  -  37  -  00285,0,0,0,0,0,0,"84,511",12,"84,499","1,273,722","69,573","69,573","16,303","1,378","14,925","159,404","11,791","9,964",5,0,2019  -  02  -  28,0,0,0,0,29,0,0,1,0,0,0,0,  개,보험,"1,100",0,0,0,0,"1,100",0,"52,250","53,350","1,650 ",50 ,"24,750 ",2,1
상호,영업표지,대표자,업종,법인설립등기일,사업자등록일,대표번호,대표팩스 번호,등록번호,최초등록일,최종등록일,주소,사업자유형,법인등록번호,사업자등록번호,2020년 자산,2020년 부채,2020년 자본,2020년 매출액,2020년 영업이익,2020년 당기순이익,2019년 자산,2019년 부채,2019년 자본,2019년 매출액,2019년 영업이익,2019년 당기순이익,2018년 자산,2018년 부채,2018년 자본,2018년 매출액,2018년 영업이익,2018년 당기순이익,브랜드 수,가맹사업 계열사 수,가맹사업 개시일,2020년 신규개점,2020년 계약종료,2020년 계약해지,2020년 명의변경,2019년 신규개점,2019년 계약종료,2019년 계약해지,2019년 명의변경,2018년 신규개점,2018년 계약종료,2018년 계약해지,2018년 명의변경,"가맹지역본부(지사,지역총판)수",형태,예치 가맹금,공정거래위원회의 시정조치,민사소송 패소 및 민사상 화해,형의 선고,가입비(가맹비),교육비,보증금,기타비용,합계,단위면적(3.3㎡)당 인테리어 비용,기준점포면적(㎡),인테리어 비용,최초 계약기간,연장 계약기간
할매손집밥,원플러스원 찌개&볶음,이준영,한식,..,2016.12.01,  -  1600  -  7407,0  -  0  -  0,20190124,2019.02.07,2021.04.02,우 : 61071 광주광역시 북구 양산택지로37번길 82 .,개인,  -  ,229  -  37  -  00285,0,0,0,0,0,0,"84,511",12,"84,499","1,273,722","69,573","69,573","16,303","1,378","14,925","159,404","11,791","9,964",5,0,2019  -  02  -  28,0,0,0,0,79,0,12,2,0,0,0,0,0  개,보험,"1,100",0,0,0,0,"1,100",0,"52,250","53,350","1,650 ",50 ,"24,750 ",2,1
상호,영업표지,대표자,업종,법인설립등기일,사업자등록일,대표번호,대표팩스 번호,등록번호,최초등록일,최종등록일,주소,사업자유형,법인등록번호,사업자등록번호,2020년 자산,2020년 부채,2020년 자본,2020년 매출액,2020년 영업이익,2020년 당기순이익,2019년 자산,2019년 부채,2019년 자본,2019년 매출액,2019년 영업이익,2019년 당기순이익,2018년 자산,2018년 부채,2018년 자본,2018년 매출액,2018년 영업이익,2018년 당기순이익,브랜드 수,가맹사업 계열사 수,가맹사업 개시일,2020년 신규개점,2020년 계약종료,2020년 계약해지,2020년 명의변경,2019년 신규개점,2019년 계약종료,2019년 계약해지,2019년 명의변경,2018년 신규개점,2018년 계약종료,2018년 계약해지,2018년 명의변경,"가맹지역본부(지사,지역총판)수",형태,예치 가맹금,공정거래위원회의 시정조치,민사소송 패소 및 민사상 화해,형의 선고,가입비(가맹비),교육비,보증금,기타비용,합계,단위면적(3.3㎡)당 인테리어 비용,기준점포면적(㎡),인테리어 비용,최초 계약기간,연장 계약기간
할매손집밥,냉면덕후,이준영,한식,..,2016.12.01,  -  1600  -  7407,0  -  0  -  0,20190280,2019.04.04,2021.04.02,우 : 61071 광주광역시 북구 양산택지로37번길 82 .,개인,  -  ,229  -  37  -  00285,0,0,0,0,0,0,"84,511",12,"84,499","1,273,722","69,573","69,573","16,303","1,378","14,925","159,404","11,791","9,964",5,0,2020  -  06  -  29,0,0,0,0,41,0,7,2,0,0,0,0,0  개,보험,"1,100",0,0,0,0,"1,100",0,"50,050","51,150","1,650 ",50 ,"24,750 ",2,1
상호,영업표지,대표자,업종,법인설립등기일,사업자등록일,대표번호,대표팩스 번호,등록번호,최초등록일,최종등록일,주소,사업자유형,법인등록번호,사업자등록번호,2020년 자산,2020년 부채,2020년 자본,2020년 매출액,2020년 영업이익,2020년 당기순이익,2019년 자산,2019년 부채,2019년 자본,2019년 매출액,2019년 영업이익,2019년 당기순이익,2018년 자산,2018년 부채,2018년 자본,2018년 매출액,2018년 영업이익,2018년 당기순이익,브랜드 수,가맹사업 계열사 수,가맹사업 개시일,2020년 신규개점,2020년 계약종료,2020년 계약해지,2020년 명의변경,2019년 신규개점,2019년 계약종료,2019년 계약해지,2019년 명의변경,2018년 신규개점,2018년 계약종료,2018년 계약해지,2018년 명의변경,"가맹지역본부(지사,지역총판)수",형태,예치 가맹금,공정거래위원회의 시정조치,민사소송 패소 및 민사상 화해,형의 선고,가입비(가맹비),교육비,보증금,기타비용,합계,단위면적(3.3㎡)당 인테리어 비용,기준점포면적(㎡),인테리어 비용,최초 계약기간,연장 계약기간
할매손집밥,나주할매 곰탕&뼈해장국,이준영,한식,..,2016.12.01,  -  1600  -  7407,  -    -  ,20190143,2019.02.14,2021.04.02,우 : 61071 광주광역시 북구 양산택지로37번길 82 .,개인,  -  ,229  -  37  -  00285,0,0,0,0,0,0,"84,511",12,"84,499","1,273,722","69,573","69,573","16,303","1,378","14,925","159,404","11,791","9,964",5,0,2019  -  02  -  28,0,0,0,0,48,0,10,0,0,0,0,0,0  개,보험,"1,100",0,0,0,0,"1,100",0,"52,250","53,350","1,650 ",50 ,"24,750 ",2,1
상호,영업표지,대표자,업종,법인설립등기일,사업자등록일,대표번호,대표팩스 번호,등록번호,최초등록일,최종등록일,주소,사업자유형,법인등록번호,사업자등록번호,2020년 자산,2020년 부채,2020년 자본,2020년 매출액,2020년 영업이익,2020년 당기순이익,2019년 자산,2019년 부채,2019년 자본,2019년 매출액,2019년 영업이익,2019년 당기순이익,2018년 자산,2018년 부채,2018년 자본,2018년 매출액,2018년 영업이익,2018년 당기순이익,브랜드 수,가맹사업 계열사 수,가맹사업 개시일,2020년 신규개점,2020년 계약종료,2020년 계약해지,2020년 명의변경,2019년 신규개점,2019년 계약종료,2019년 계약해지,2019년 명의변경,2018년 신규개점,2018년 계약종료,2018년 계약해지,2018년 명의변경,"가맹지역본부(지사,지역총판)수",형태,예치 가맹금,공정거래위원회의 시정조치,민사소송 패소 및 민사상 화해,형의 선고,가입비(가맹비),교육비,보증금,기타비용,합계,단위면적(3.3㎡)당 인테리어 비용,기준점포면적(㎡),인테리어 비용,최초 계약기간,연장 계약기간
할매손집밥,1인 한식당,이준영,한식,..,2016.12.01,  -  1600  -  7407,000  -    -  ,20190113,2019.02.01,2021.04.02,우 : 61071 광주광역시 북구 양산택지로37번길 82 .,개인,  -  ,229  -  37  -  00285,0,0,0,0,0,0,"84,511",12,"84,499","1,273,722","69,573","69,573","16,303","1,378","14,925","159,404","11,791","9,964",5,0,2019  -  02  -  28,0,0,0,0,48,0,9,2,0,0,0,0,0  개,보험,"1,100",0,0,0,0,"1,100",0,"52,250","53,350","1,650 ",50 ,"24,750 ",2,1
상호,영업표지,대표자,업종,법인설립등기일,사업자등록일,대표번호,대표팩스 번호,등록번호,최초등록일,최종등록일,주소,사업자유형,법인등록번호,사업자등록번호,2020년 자산,2020년 부채,2020년 자본,2020년 매출액,2020년 영업이익,2020년 당기순이익,2019년 자산,2019년 부채,2019년 자본,2019년 매출액,2019년 영업이익,2019년 당기순이익,2018년 자산,2018년 부채,2018년 자본,2018년 매출액,2018년 영업이익,2018년 당기순이익,브랜드 수,가맹사업 계열사 수,가맹사업 개시일,2020년 신규개점,2020년 계약종료,2020년 계약해지,2020년 명의변경,2019년 신규개점,2019년 계약종료,2019년 계약해지,2019년 명의변경,2018년 신규개점,2018년 계약종료,2018년 계약해지,2018년 명의변경,"가맹지역본부(지사,지역총판)수",형태,예치 가맹금,공정거래위원회의 시정조치,민사소송 패소 및 민사상 화해,형의 선고,가입비(가맹비),교육비,보증금,기타비용,합계,단위면적(3.3㎡)당 인테리어 비용,기준점포면적(㎡),인테리어 비용,최초 계약기간,연장 계약기간
메밀고개푸드(주),시골막국수와 옹심이,이정숙,한식,2015.03.11,2015.03.26,00  -  1688  -  3704,00  -  000  -  0000,20110500004,2011.04.25,2021.04.02,"우 : 35083 대전광역시 중구 안영로30번길 32 1층(안영동, 화이트빌)",법인,160111  -  0393788,627  -  81  -  00065,"544,551","235,715","308,836","259,434","34,345","31,683","448,989","171,837","277,152","226,586","52,399","50,347","282,980","56,175","226,805","204,217","12,105","12,977",1,0,2011  -  06  -  01,3,0,2,1,2,0,1,0,3,0,0,0,0  개,예치제,"8,500",0,0,0,"2,750","2,750","3,000","96,800","105,300","1,100 ",165 ,"55,000 ",2,2
상호,영업표지,대표자,업종,법인설립등기일,사업자등록일,대표번호,대표팩스 번호,등록번호,최초등록일,최종등록일,주소,사업자유형,법인등록번호,사업자등록번호,2020년 자산,2020년 부채,2020년 자본,2020년 매출액,2020년 영업이익,2020년 당기순이익,2019년 자산,2019년 부채,2019년 자본,2019년 매출액,2019년 영업이익,2019년 당기순이익,2018년 자산,2018년 부채,2018년 자본,2018년 매출액,2018년 영업이익,2018년 당기순이익,브랜드 수,가맹사업 계열사 수,가맹사업 개시일,2020년 신규개점,2020년 계약종료,2020년 계약해지,2020년 명의변경,2019년 신규개점,2019년 계약종료,2019년 계약해지,2019년 명의변경,2018년 신규개점,2018년 계약종료,2018년 계약해지,2018년 명의변경,"가맹지역본부(지사,지역총판)수",형태,예치 가맹금,공정거래위원회의 시정조치,민사소송 패소 및 민사상 화해,형의 선고,가입비(가맹비),교육비,보증금,기타비용,합계,단위면적(3.3㎡)당 인테리어 비용,기준점포면적(㎡),인테리어 비용,최초 계약기간,연장 계약기간
흥주푸드,흥주선비국밥,박교민,한식,..,2017.07.01,  -  1577  -  6428,  -  0000  -  0000,20181044,2018.10.14,2021.04.02,우 : 24209 강원도 춘천시 동면 춘천로449번길 26-2 1층,개인,  -  ,583  -  12  -  00769,0,0,0,"72,318",0,0,0,0,0,"89,850",0,0,0,0,0,"38,444",0,0,1,0,2017  -  08  -  07,1,0,0,0,0,0,0,0,1,0,0,0,0  개,예치제,"11,000",0,0,0,"5,500","5,500",0,"6,600","17,600",0 ,99 ,0 ,3,3
상호,영업표지,대표자,업종,법인설립등기일,사업자등록일,대표번호,대표팩스 번호,등록번호,최초등록일,최종등록일,주소,사업자유형,법인등록번호,사업자등록번호,2020년 자산,2020년 부채,2020년 자본,2020년 매출액,2020년 영업이익,2020년 당기순이익,2019년 자산,2019년 부채,2019년 자본,2019년 매출액,2019년 영업이익,2019년 당기순이익,2018년 자산,2018년 부채,2018년 자본,2018년 매출액,2018년 영업이익,2018년 당기순이익,브랜드 수,가맹사업 계열사 수,가맹사업 개시일,2020년 신규개점,2020년 계약종료,2020년 계약해지,2020년 명의변경,2019년 신규개점,2019년 계약종료,2019년 계약해지,2019년 명의변경,2018년 신규개점,2018년 계약종료,2018년 계약해지,2018년 명의변경,"가맹지역본부(지사,지역총판)수",형태,예치 가맹금,공정거래위원회의 시정조치,민사소송 패소 및 민사상 화해,형의 선고,가입비(가맹비),교육비,보증금,기타비용,합계,단위면적(3.3㎡)당 인테리어 비용,기준점포면적(㎡),인테리어 비용,최초 계약기간,연장 계약기간
소바루,소바루,이광구,기타 외식,..,2017.09.01,  -  1899  -  9307,00  -  000  -  0000,20181186,2018.11.22,2021.04.02,우 : 44452 울산광역시 중구 화진4길 36 (태화동),개인,  -  ,682  -  13  -  00549,0,0,0,"75,811",0,0,0,0,0,"48,640",0,0,0,0,0,"18,636",0,0,1,0,2017  -  09  -  01,0,0,0,0,2,0,0,0,0,0,0,0,0  개,예치제,"16,000",0,0,0,"5,500","5,500","5,000","96,250","112,250","1,760 ",99 ,"52,800 ",2,2
상호,영업표지,대표자,업종,법인설립등기일,사업자등록일,대표번호,대표팩스 번호,등록번호,최초등록일,최종등록일,주소,사업자유형,법인등록번호,사업자등록번호,2020년 자산,2020년 부채,2020년 자본,2020년 매출액,2020년 영업이익,2020년 당기순이익,2019년 자산,2019년 부채,2019년 자본,2019년 매출액,2019년 영업이익,2019년 당기순이익,2018년 자산,2018년 부채,2018년 자본,2018년 매출액,2018년 영업이익,2018년 당기순이익,브랜드 수,가맹사업 계열사 수,가맹사업 개시일,2020년 신규개점,2020년 계약종료,2020년 계약해지,2020년 명의변경,2019년 신규개점,2019년 계약종료,2019년 계약해지,2019년 명의변경,2018년 신규개점,2018년 계약종료,2018년 계약해지,2018년 명의변경,"가맹지역본부(지사,지역총판)수",형태,예치 가맹금,공정거래위원회의 시정조치,민사소송 패소 및 민사상 화해,형의 선고,가입비(가맹비),교육비,보증금,기타비용,합계,단위면적(3.3㎡)당 인테리어 비용,기준점포면적(㎡),인테리어 비용,최초 계약기간,연장 계약기간
(주)대대손손,대손관,한종현,분식,2019.07.01,2019.07.15,16  -  44  -  5105,00  -  0000  -  0000,20190505,2019.06.04,2021.04.02,우 : 34168 대전광역시 유성구 대학로 31 2224호,법인,160111  -  0520406,201  -  87  -  01433,0,0,0,0,0,0,"113,293","90,605","22,688",0,"-7,952","-7,311", , , , , , ,1,0,2019  -  06  -  19,3,0,0,0,2,0,0,0,0,0,0,0,0  개,해당없음,"11,800",0,0,0,"5,500","3,300","3,000","140,200","152,000","1,650 ",132 ,"66,000 ",3,1
상호,영업표지,대표자,업종,법인설립등기일,사업자등록일,대표번호,대표팩스 번호,등록번호,최초등록일,최종등록일,주소,사업자유형,법인등록번호,사업자등록번호,2020년 자산,2020년 부채,2020년 자본,2020년 매출액,2020년 영업이익,2020년 당기순이익,2019년 자산,2019년 부채,2019년 자본,2019년 매출액,2019년 영업이익,2019년 당기순이익,2018년 자산,2018년 부채,2018년 자본,2018년 매출액,2018년 영업이익,2018년 당기순이익,브랜드 수,가맹사업 계열사 수,가맹사업 개시일,2020년 신규개점,2020년 계약종료,2020년 계약해지,2020년 명의변경,2019년 신규개점,2019년 계약종료,2019년 계약해지,2019년 명의변경,2018년 신규개점,2018년 계약종료,2018년 계약해지,2018년 명의변경,"가맹지역본부(지사,지역총판)수",형태,예치 가맹금,공정거래위원회의 시정조치,민사소송 패소 및 민사상 화해,형의 선고,가입비(가맹비),교육비,보증금,기타비용,합계,단위면적(3.3㎡)당 인테리어 비용,기준점포면적(㎡),인테리어 비용,최초 계약기간,연장 계약기간
(주)브라더컴퍼니,이태리식당,오세훈,서양식,2021.01.20,2021.02.03,  -  0000  -  0000,0504  -  425  -  7458,20210958,2021.04.02,2021.04.02,"우 : 30125 세종특별자치시 다정북로 79 2층 201호(다정동, 포스트)",법인,164711  -  0106573,304  -  81  -  33834, , , , , , , , , , , , , , , , , , ,1,0,2021  -  02  -  16,0,0,0,0,0,0,0,0,0,0,0,0,0  개,예치제,"18,500",0,0,0,"11,000","5,500","2,000","121,000","139,500","2,530 ",132 ,"101,200 ",2,1
상호,영업표지,대표자,업종,법인설립등기일,사업자등록일,대표번호,대표팩스 번호,등록번호,최초등록일,최종등록일,주소,사업자유형,법인등록번호,사업자등록번호,2020년 자산,2020년 부채,2020년 자본,2020년 매출액,2020년 영업이익,2020년 당기순이익,2019년 자산,2019년 부채,2019년 자본,2019년 매출액,2019년 영업이익,2019년 당기순이익,2018년 자산,2018년 부채,2018년 자본,2018년 매출액,2018년 영업이익,2018년 당기순이익,브랜드 수,가맹사업 계열사 수,가맹사업 개시일,2020년 신규개점,2020년 계약종료,2020년 계약해지,2020년 명의변경,2019년 신규개점,2019년 계약종료,2019년 계약해지,2019년 명의변경,2018년 신규개점,2018년 계약종료,2018년 계약해지,2018년 명의변경,"가맹지역본부(지사,지역총판)수",형태,예치 가맹금,공정거래위원회의 시정조치,민사소송 패소 및 민사상 화해,형의 선고,가입비(가맹비),교육비,보증금,기타비용,합계,단위면적(3.3㎡)당 인테리어 비용,기준점포면적(㎡),인테리어 비용,최초 계약기간,연장 계약기간
1090우리닭집율량점,1090우리닭집,김완섭,치킨,..,2019.07.08,043  -  217  -  9070,  -    -  ,20210956,2021.04.02,2021.04.02,우 : 28328 충청북도 청주시 청원구 공항로150번길 54 (율량동),개인,  -  ,104  -  36  -  91379,0,0,0,"161,870",0,0,0,0,0,"57,157",0,0, , , , , , ,1,0,2021년 03월 공식 가맹사업 개시 예정으로 해당 내용이 없습니다. (공식 가맹계약 체결 사실이 없습니다),0,0,0,0,0,0,0,0,0,0,0,0,0  개,예치제,"6,500",0,0,0,"3,300","2,200","1,000","20,900","27,400","1,100 ",33 ,"11,000 ",2,1
상호,영업표지,대표자,업종,법인설립등기일,사업자등록일,대표번호,대표팩스 번호,등록번호,최초등록일,최종등록일,주소,사업자유형,법인등록번호,사업자등록번호,2020년 자산,2020년 부채,2020년 자본,2020년 매출액,2020년 영업이익,2020년 당기순이익,2019년 자산,2019년 부채,2019년 자본,2019년 매출액,2019년 영업이익,2019년 당기순이익,2018년 자산,2018년 부채,2018년 자본,2018년 매출액,2018년 영업이익,2018년 당기순이익,브랜드 수,가맹사업 계열사 수,가맹사업 개시일,2020년 신규개점,2020년 계약종료,2020년 계약해지,2020년 명의변경,2019년 신규개점,2019년 계약종료,2019년 계약해지,2019년 명의변경,2018년 신규개점,2018년 계약종료,2018년 계약해지,2018년 명의변경,"가맹지역본부(지사,지역총판)수",형태,예치 가맹금,공정거래위원회의 시정조치,민사소송 패소 및 민사상 화해,형의 선고,가입비(가맹비),교육비,보증금,기타비용,합계,단위면적(3.3㎡)당 인테리어 비용,기준점포면적(㎡),인테리어 비용,최초 계약기간,연장 계약기간
(주)원진푸드,치킨더치킨,홍종만,치킨,2014.10.14,2014.10.29,00  -  1599  -  9285,033  -  651  -  9979,20150275,2015.03.23,2021.04.02,우 : 25473 강원도 강릉시 수리골길 109 (교동),법인,141111  -  0046455,226  -  81  -  51153,0,0,0,"3,915,086",0,0,"2,070,210","1,391,856","678,354","4,117,523","45,958","1,654","2,305,958","1,629,258","676,700","4,680,760","125,219","88,708",1,0,2015  -  03  -  25,0,0,2,1,3,0,7,1,0,0,1,3,0  개,예치제,"1,650",0,0,0,550,"1,100",0,"21,230","22,880","1,100 ",33 ,"11,000 ",1,1
상호,영업표지,대표자,업종,법인설립등기일,사업자등록일,대표번호,대표팩스 번호,등록번호,최초등록일,최종등록일,주소,사업자유형,법인등록번호,사업자등록번호,2020년 자산,2020년 부채,2020년 자본,2020년 매출액,2020년 영업이익,2020년 당기순이익,2019년 자산,2019년 부채,2019년 자본,2019년 매출액,2019년 영업이익,2019년 당기순이익,2018년 자산,2018년 부채,2018년 자본,2018년 매출액,2018년 영업이익,2018년 당기순이익,브랜드 수,가맹사업 계열사 수,가맹사업 개시일,2020년 신규개점,2020년 계약종료,2020년 계약해지,2020년 명의변경,2019년 신규개점,2019년 계약종료,2019년 계약해지,2019년 명의변경,2018년 신규개점,2018년 계약종료,2018년 계약해지,2018년 명의변경,"가맹지역본부(지사,지역총판)수",형태,예치 가맹금,공정거래위원회의 시정조치,민사소송 패소 및 민사상 화해,형의 선고,가입비(가맹비),교육비,보증금,기타비용,합계,단위면적(3.3㎡)당 인테리어 비용,기준점포면적(㎡),인테리어 비용,최초 계약기간,연장 계약기간
(주)비에스비푸드,치킨人류,정관영,치킨,2020.07.06,2020.08.07,  -  1522  -  4211,031  -  238  -  1236,20201254,2020.09.25,2021.04.02,우 : 18385 경기도 화성시 동탄지성로 416-3 (반월동),법인,134811  -  0568545,518  -  88  -  01736,0,0,0,0,0,0, , , , , , , , , , , , ,2,0,2020  -  11  -  16,2,0,0,0,0,0,0,0,0,0,0,0,0  개,보험,"9,800",0,0,0,"5,500","3,300","1,000","27,500","37,300","1,210 ",33 ,"12,100 ",2,1
상호,영업표지,대표자,업종,법인설립등기일,사업자등록일,대표번호,대표팩스 번호,등록번호,최초등록일,최종등록일,주소,사업자유형,법인등록번호,사업자등록번호,2020년 자산,2020년 부채,2020년 자본,2020년 매출액,2020년 영업이익,2020년 당기순이익,2019년 자산,2019년 부채,2019년 자본,2019년 매출액,2019년 영업이익,2019년 당기순이익,2018년 자산,2018년 부채,2018년 자본,2018년 매출액,2018년 영업이익,2018년 당기순이익,브랜드 수,가맹사업 계열사 수,가맹사업 개시일,2020년 신규개점,2020년 계약종료,2020년 계약해지,2020년 명의변경,2019년 신규개점,2019년 계약종료,2019년 계약해지,2019년 명의변경,2018년 신규개점,2018년 계약종료,2018년 계약해지,2018년 명의변경,"가맹지역본부(지사,지역총판)수",형태,예치 가맹금,공정거래위원회의 시정조치,민사소송 패소 및 민사상 화해,형의 선고,가입비(가맹비),교육비,보증금,기타비용,합계,단위면적(3.3㎡)당 인테리어 비용,기준점포면적(㎡),인테리어 비용,최초 계약기간,연장 계약기간
(주)비에스비푸드,청년피자,정관영,피자,2020.07.06,2020.08.07,  -  1588  -  9109,031  -  233  -  1236,20180249,..,2021.04.02,우 : 18385 경기도 화성시 동탄지성로 416-3 (반월동),법인,134811  -  0568545,518  -  88  -  01736,0,0,0,0,0,0, , , , , , , , , , , , ,2,0,2018  -  03  -  29,0,0,0,0,119,3,9,17,50,0,0,0,0  개,보험,"8,800",0,0,0,"5,500","3,300",0,"34,276","43,076","1,320 ",33 ,"13,200 ",2,1
상호,영업표지,대표자,업종,법인설립등기일,사업자등록일,대표번호,대표팩스 번호,등록번호,최초등록일,최종등록일,주소,사업자유형,법인등록번호,사업자등록번호,2020년 자산,2020년 부채,2020년 자본,2020년 매출액,2020년 영업이익,2020년 당기순이익,2019년 자산,2019년 부채,2019년 자본,2019년 매출액,2019년 영업이익,2019년 당기순이익,2018년 자산,2018년 부채,2018년 자본,2018년 매출액,2018년 영업이익,2018년 당기순이익,브랜드 수,가맹사업 계열사 수,가맹사업 개시일,2020년 신규개점,2020년 계약종료,2020년 계약해지,2020년 명의변경,2019년 신규개점,2019년 계약종료,2019년 계약해지,2019년 명의변경,2018년 신규개점,2018년 계약종료,2018년 계약해지,2018년 명의변경,"가맹지역본부(지사,지역총판)수",형태,예치 가맹금,공정거래위원회의 시정조치,민사소송 패소 및 민사상 화해,형의 선고,가입비(가맹비),교육비,보증금,기타비용,합계,단위면적(3.3㎡)당 인테리어 비용,기준점포면적(㎡),인테리어 비용,최초 계약기간,연장 계약기간
근푸드시스템,돈타작,이동근,한식,..,2011.01.15,053  -  1544  -  5759,053  -  643  -  7717,20210962,2021.04.02,2021.04.02,우 : 42801 대구광역시 달서구 진천로8길 13 3층,개인,  -  ,501  -  01  -  83253,0,0,0,"188,638",0,0,0,0,0,"405,201",0,0,0,0,0,"132,830",0,0,2,0,가맹계약 체결 사실 없음,0,0,0,0,0,0,0,0,0,0,0,0,0  개,보험,"14,000",0,0,0,"5,500","5,500","3,000","55,000","69,000","1,650 ",66 ,"33,000 ",2,2
상호,영업표지,대표자,업종,법인설립등기일,사업자등록일,대표번호,대표팩스 번호,등록번호,최초등록일,최종등록일,주소,사업자유형,법인등록번호,사업자등록번호,2020년 자산,2020년 부채,2020년 자본,2020년 매출액,2020년 영업이익,2020년 당기순이익,2019년 자산,2019년 부채,2019년 자본,2019년 매출액,2019년 영업이익,2019년 당기순이익,2018년 자산,2018년 부채,2018년 자본,2018년 매출액,2018년 영업이익,2018년 당기순이익,브랜드 수,가맹사업 계열사 수,가맹사업 개시일,2020년 신규개점,2020년 계약종료,2020년 계약해지,2020년 명의변경,2019년 신규개점,2019년 계약종료,2019년 계약해지,2019년 명의변경,2018년 신규개점,2018년 계약종료,2018년 계약해지,2018년 명의변경,"가맹지역본부(지사,지역총판)수",형태,예치 가맹금,공정거래위원회의 시정조치,민사소송 패소 및 민사상 화해,형의 선고,가입비(가맹비),교육비,보증금,기타비용,합계,단위면적(3.3㎡)당 인테리어 비용,기준점포면적(㎡),인테리어 비용,최초 계약기간,연장 계약기간
버거맘영남대점,버거맘,한석준,패스트푸드,..,2019.03.03,0507  -  1371  -  3374,  -    -  ,20210957,2021.04.02,2021.04.02,우 : 38533 경상북도 경산시 청운로 18 1층(대동),개인,  -  ,350  -  68  -  00297,0,0,0,0,0,0,"149,503","9,421","140,082","315,105","30,015","33,082", , , , , , ,1,0,가맹계약을 체결한 사실이 없습니다.,0,0,0,0,0,0,0,0,0,0,0,0,0  개,보험,"14,200",0,0,0,"11,000","2,200","1,000","55,550","69,750","1,650 ",50 ,"24,750 ",2,1
상호,영업표지,대표자,업종,법인설립등기일,사업자등록일,대표번호,대표팩스 번호,등록번호,최초등록일,최종등록일,주소,사업자유형,법인등록번호,사업자등록번호,2020년 자산,2020년 부채,2020년 자본,2020년 매출액,2020년 영업이익,2020년 당기순이익,2019년 자산,2019년 부채,2019년 자본,2019년 매출액,2019년 영업이익,2019년 당기순이익,2018년 자산,2018년 부채,2018년 자본,2018년 매출액,2018년 영업이익,2018년 당기순이익,브랜드 수,가맹사업 계열사 수,가맹사업 개시일,2020년 신규개점,2020년 계약종료,2020년 계약해지,2020년 명의변경,2019년 신규개점,2019년 계약종료,2019년 계약해지,2019년 명의변경,2018년 신규개점,2018년 계약종료,2018년 계약해지,2018년 명의변경,"가맹지역본부(지사,지역총판)수",형태,예치 가맹금,공정거래위원회의 시정조치,민사소송 패소 및 민사상 화해,형의 선고,가입비(가맹비),교육비,보증금,기타비용,합계,단위면적(3.3㎡)당 인테리어 비용,기준점포면적(㎡),인테리어 비용,최초 계약기간,연장 계약기간
춤추는아양쭈꾸미,춤추는아양쭈꾸미,강신진,한식,..,2020.02.09,  -  1811  -  6021,053  -  256  -  5461,20210161,2021.01.20,2021.04.02,우 : 41179 대구광역시 동구 효동로2길 13-3 2층,개인,  -  ,482  -  14  -  01343,0,0,0,0,0,0, , , , , , , , , , , , ,1,0,예정,0,0,0,0,0,0,0,0,0,0,0,0,0  개,예치제,"27,000",0,0,0,"16,500","5,500","5,000","62,150","89,150","1,650 ",66 ,"33,000 ",3,2
상호,영업표지,대표자,업종,법인설립등기일,사업자등록일,대표번호,대표팩스 번호,등록번호,최초등록일,최종등록일,주소,사업자유형,법인등록번호,사업자등록번호,2020년 자산,2020년 부채,2020년 자본,2020년 매출액,2020년 영업이익,2020년 당기순이익,2019년 자산,2019년 부채,2019년 자본,2019년 매출액,2019년 영업이익,2019년 당기순이익,2018년 자산,2018년 부채,2018년 자본,2018년 매출액,2018년 영업이익,2018년 당기순이익,브랜드 수,가맹사업 계열사 수,가맹사업 개시일,2020년 신규개점,2020년 계약종료,2020년 계약해지,2020년 명의변경,2019년 신규개점,2019년 계약종료,2019년 계약해지,2019년 명의변경,2018년 신규개점,2018년 계약종료,2018년 계약해지,2018년 명의변경,"가맹지역본부(지사,지역총판)수",형태,예치 가맹금,공정거래위원회의 시정조치,민사소송 패소 및 민사상 화해,형의 선고,가입비(가맹비),교육비,보증금,기타비용,합계,단위면적(3.3㎡)당 인테리어 비용,기준점포면적(㎡),인테리어 비용,최초 계약기간,연장 계약기간
유담식품,유담떡갈비,이옥주,한식,..,2020.07.01,18  -  77  -  1773,00  -  0000  -  0000,20201265,2020.09.28,2021.04.02,우 : 61221 광주광역시 북구 서암대로6번길 3 (운암동),개인,  -  ,102  -  38  -  94054,0,0,0,"123,996",0,0, , , , , , , , , , , , ,1,0,2020  -  06  -  02,5,0,0,0,0,0,0,0,0,0,0,0,0  개,보험,"3,000",0,0,0,0,0,"3,000","22,484","25,484","1,320 ",33 ,"13,200 ",3,3
상호,영업표지,대표자,업종,법인설립등기일,사업자등록일,대표번호,대표팩스 번호,등록번호,최초등록일,최종등록일,주소,사업자유형,법인등록번호,사업자등록번호,2020년 자산,2020년 부채,2020년 자본,2020년 매출액,2020년 영업이익,2020년 당기순이익,2019년 자산,2019년 부채,2019년 자본,2019년 매출액,2019년 영업이익,2019년 당기순이익,2018년 자산,2018년 부채,2018년 자본,2018년 매출액,2018년 영업이익,2018년 당기순이익,브랜드 수,가맹사업 계열사 수,가맹사업 개시일,2020년 신규개점,2020년 계약종료,2020년 계약해지,2020년 명의변경,2019년 신규개점,2019년 계약종료,2019년 계약해지,2019년 명의변경,2018년 신규개점,2018년 계약종료,2018년 계약해지,2018년 명의변경,"가맹지역본부(지사,지역총판)수",형태,예치 가맹금,공정거래위원회의 시정조치,민사소송 패소 및 민사상 화해,형의 선고,가입비(가맹비),교육비,보증금,기타비용,합계,단위면적(3.3㎡)당 인테리어 비용,기준점포면적(㎡),인테리어 비용,최초 계약기간,연장 계약기간
장모육계유통,장모님치킨,남지흔,치킨,..,2021.01.01,055  -  232  -  4199,055  -  232  -  1321,20080300005,2008.07.29,2021.04.02,우 : 51233 경상남도 창원시 마산회원구 내서읍 광려천남로 75 (중리),개인,  -  ,837  -  05  -  01920, , , , , , , , , , , , , , , , , , ,1,0,1989  -  10  -  30,7,0,12,6,5,3,7,5,8,1,12,1,0  개,예치제,"7,600",0,0,0,"3,300","3,300","1,000","36,740","44,340","1,980 ",33 ,"19,800 ",3,3
상호,영업표지,대표자,업종,법인설립등기일,사업자등록일,대표번호,대표팩스 번호,등록번호,최초등록일,최종등록일,주소,사업자유형,법인등록번호,사업자등록번호,2020년 자산,2020년 부채,2020년 자본,2020년 매출액,2020년 영업이익,2020년 당기순이익,2019년 자산,2019년 부채,2019년 자본,2019년 매출액,2019년 영업이익,2019년 당기순이익,2018년 자산,2018년 부채,2018년 자본,2018년 매출액,2018년 영업이익,2018년 당기순이익,브랜드 수,가맹사업 계열사 수,가맹사업 개시일,2020년 신규개점,2020년 계약종료,2020년 계약해지,2020년 명의변경,2019년 신규개점,2019년 계약종료,2019년 계약해지,2019년 명의변경,2018년 신규개점,2018년 계약종료,2018년 계약해지,2018년 명의변경,"가맹지역본부(지사,지역총판)수",형태,예치 가맹금,공정거래위원회의 시정조치,민사소송 패소 및 민사상 화해,형의 선고,가입비(가맹비),교육비,보증금,기타비용,합계,단위면적(3.3㎡)당 인테리어 비용,기준점포면적(㎡),인테리어 비용,최초 계약기간,연장 계약기간
오호리준,오호리준,김현준,주점,..,2016.04.25,18  -  11  -  0621,00  -  0000  -  0000,20180999,2018.10.01,2021.04.02,우 : 41935 대구광역시 중구 중앙대로81길 7 1층,개인,  -  ,488  -  06  -  00328,0,0,0,"360,360",0,0,0,0,0,"446,385",0,0,0,0,0,"523,333",0,0,1,0,2018  -  07  -  03,0,1,0,0,2,0,1,0,4,0,0,0,1  개,예치제,"18,500",0,0,0,"11,000","5,500","2,000","73,800","92,300","2,200 ",66 ,"44,000 ",2,1
상호,영업표지,대표자,업종,법인설립등기일,사업자등록일,대표번호,대표팩스 번호,등록번호,최초등록일,최종등록일,주소,사업자유형,법인등록번호,사업자등록번호,2020년 자산,2020년 부채,2020년 자본,2020년 매출액,2020년 영업이익,2020년 당기순이익,2019년 자산,2019년 부채,2019년 자본,2019년 매출액,2019년 영업이익,2019년 당기순이익,2018년 자산,2018년 부채,2018년 자본,2018년 매출액,2018년 영업이익,2018년 당기순이익,브랜드 수,가맹사업 계열사 수,가맹사업 개시일,2020년 신규개점,2020년 계약종료,2020년 계약해지,2020년 명의변경,2019년 신규개점,2019년 계약종료,2019년 계약해지,2019년 명의변경,2018년 신규개점,2018년 계약종료,2018년 계약해지,2018년 명의변경,"가맹지역본부(지사,지역총판)수",형태,예치 가맹금,공정거래위원회의 시정조치,민사소송 패소 및 민사상 화해,형의 선고,가입비(가맹비),교육비,보증금,기타비용,합계,단위면적(3.3㎡)당 인테리어 비용,기준점포면적(㎡),인테리어 비용,최초 계약기간,연장 계약기간
마라루,마라루,권화숙,중식,..,2019.08.20,18  -  99  -  2101,00  -  0000  -  0000,20200225,2020.02.19,2021.04.02,우 : 42494 대구광역시 남구 대명남로 77 1층(대명동),개인,  -  ,385  -  10  -  01229,0,0,0,0,0,0,"72,343","64,962","7,381","168,115","10,077","6,410","87,456","71,403","16,053","259,544","13,765","11,009",1,0,2019  -  08  -  05,0,0,0,0,8,0,0,0,0,0,0,0,0  개,보험,"9,900",0,0,0,"6,600","3,300",0,"49,600","59,500","1,650 ",50 ,"24,750 ",2,1
상호,영업표지,대표자,업종,법인설립등기일,사업자등록일,대표번호,대표팩스 번호,등록번호,최초등록일,최종등록일,주소,사업자유형,법인등록번호,사업자등록번호,2020년 자산,2020년 부채,2020년 자본,2020년 매출액,2020년 영업이익,2020년 당기순이익,2019년 자산,2019년 부채,2019년 자본,2019년 매출액,2019년 영업이익,2019년 당기순이익,2018년 자산,2018년 부채,2018년 자본,2018년 매출액,2018년 영업이익,2018년 당기순이익,브랜드 수,가맹사업 계열사 수,가맹사업 개시일,2020년 신규개점,2020년 계약종료,2020년 계약해지,2020년 명의변경,2019년 신규개점,2019년 계약종료,2019년 계약해지,2019년 명의변경,2018년 신규개점,2018년 계약종료,2018년 계약해지,2018년 명의변경,"가맹지역본부(지사,지역총판)수",형태,예치 가맹금,공정거래위원회의 시정조치,민사소송 패소 및 민사상 화해,형의 선고,가입비(가맹비),교육비,보증금,기타비용,합계,단위면적(3.3㎡)당 인테리어 비용,기준점포면적(㎡),인테리어 비용,최초 계약기간,연장 계약기간
델리원푸드,조스테이크,조경호,기타 외식,..,2020.09.16,042  -  1522  -  0631,  -    -  ,20201392,2020.10.20,2021.04.02,우 : 34378 대전광역시 대덕구 한밭대로989번길 32 A동 17호(오정동),개인,  -  ,784  -  56  -  00390,0,0,0,0,0,0, , , , , , , , , , , , ,1,0,2020  -  09  -  01,0,0,0,0,0,0,0,0,0,0,0,0,0  개,보험,"3,300",0,0,0,"2,200","1,100",0,"28,600","31,900","1,320 ",33 ,"13,200 ",2,1
상호,영업표지,대표자,업종,법인설립등기일,사업자등록일,대표번호,대표팩스 번호,등록번호,최초등록일,최종등록일,주소,사업자유형,법인등록번호,사업자등록번호,2020년 자산,2020년 부채,2020년 자본,2020년 매출액,2020년 영업이익,2020년 당기순이익,2019년 자산,2019년 부채,2019년 자본,2019년 매출액,2019년 영업이익,2019년 당기순이익,2018년 자산,2018년 부채,2018년 자본,2018년 매출액,2018년 영업이익,2018년 당기순이익,브랜드 수,가맹사업 계열사 수,가맹사업 개시일,2020년 신규개점,2020년 계약종료,2020년 계약해지,2020년 명의변경,2019년 신규개점,2019년 계약종료,2019년 계약해지,2019년 명의변경,2018년 신규개점,2018년 계약종료,2018년 계약해지,2018년 명의변경,"가맹지역본부(지사,지역총판)수",형태,예치 가맹금,공정거래위원회의 시정조치,민사소송 패소 및 민사상 화해,형의 선고,가입비(가맹비),교육비,보증금,기타비용,합계,단위면적(3.3㎡)당 인테리어 비용,기준점포면적(㎡),인테리어 비용,최초 계약기간,연장 계약기간
(주)명인에프엔비,팔방면,성창호,기타 외식,2005.01.03,2005.01.03,  -  1899  -  4866,031  -  757  -  3982,20201083,2020.08.27,2021.04.02,우 : 12730 경기도 광주시 초월읍 무갑길 35 .,법인,131111  -  0130896,129  -  81  -  80041,0,0,0,0,0,0,"4,497,998","3,087,897","1,410,101","11,910,410","85,864","19,471","4,580,237","3,189,608","1,390,629","11,212,756","-14,702","-103,408",6,0,예정,0,0,0,0,0,0,0,0,0,0,0,0,0  개,보험,"5,500",0,0,0,"4,400","1,100",0,"47,300","52,800","1,650 ",50 ,"24,750 ",2,2
